RefDes,Description,Value,X,Y,rotation,top/bottom
C57,"0402_sr.fp","sr-c-100n-0402-16v",58.30,75.60,0,top
D16,"SOD523_sr.fp","sr-d-pesd5z12",49.60,88.80,180,top
TP55,"TP_sr.fp","sr-nothing",56.40,77.00,0,bottom
TP58,"TP_sr.fp","sr-nothing",42.70,68.00,0,bottom
TP57,"TP_sr.fp","sr-nothing",41.00,67.30,0,bottom
TP56,"TP_sr.fp","sr-nothing",61.20,75.10,0,bottom
TP52,"TP_sr.fp","sr-nothing",61.20,77.00,0,bottom
TP51,"TP_sr.fp","sr-nothing",53.10,69.80,0,bottom
TP50,"TP_sr.fp","sr-nothing",16.90,82.70,0,bottom
C62,"0402_sr.fp","sr-c-100n-0402-16v",43.50,87.90,90,top
J17,"header_127_10w_sr.fp","sr-cn-header2x5-1.27mm",47.50,86.27,270,top
TP35,"TP_sr.fp","sr-nothing",71.70,54.80,0,bottom
TP32,"TP_sr.fp","sr-nothing",71.70,47.20,0,bottom
TP25,"TP_sr.fp","sr-nothing",13.30,36.70,0,bottom
TP30,"TP_sr.fp","sr-nothing",13.30,29.30,0,bottom
TP24,"TP_sr.fp","sr-nothing",71.70,36.70,0,bottom
TP19,"TP_sr.fp","sr-nothing",71.70,29.20,0,bottom
C28,"0402_sr.fp","sr-c-100n-0402-16v",66.40,33.00,90,top
C42,"1206_sr.fp","sr-c-10u-1206-16v",28.10,48.70,180,top
C43,"0402_sr.fp","sr-c-100n-0402-16v",38.30,51.50,90,top
C36,"1206_sr.fp","sr-c-10u-1206-16v",55.70,48.70,0,top
R10,"0402_sr.fp","sr-r-100-0402",32.60,26.10,270,top
C3,"1206_sr.fp","sr-c-10u-1206-16v",37.00,27.70,270,top
D2,"SOD523_sr.fp","sr-d-pesd5z12",48.90,21.40,270,top
C6,"0402_sr.fp","sr-c-1u-0402-10v",43.60,40.50,180,top
TP3,"TP_sr.fp","sr-nothing",46.10,29.30,0,bottom
R5,"0402_sr.fp","sr-r-10k-0402",50.30,21.50,270,top
TP15,"TP_sr.fp","sr-nothing",35.80,86.80,0,bottom
TP17,"TP_sr.fp","sr-nothing",33.30,81.60,0,bottom
TP11,"TP_sr.fp","sr-nothing",35.20,69.80,0,bottom
TP14,"TP_sr.fp","sr-nothing",33.10,67.40,0,bottom
TP12,"TP_sr.fp","sr-nothing",31.30,64.20,0,bottom
TP10,"TP_sr.fp","sr-nothing",16.60,91.80,0,bottom
D3,"SOT23_sr.fp","sr-d-mmbz15val",11.80,89.03,270,top
TP8,"TP_sr.fp","sr-nothing",47.40,24.20,0,bottom
TP9,"TP_sr.fp","sr-nothing",45.50,17.00,0,bottom
TP7,"TP_sr.fp","sr-nothing",40.10,17.00,0,bottom
TP2,"TP_sr.fp","sr-nothing",52.10,29.30,0,bottom
TP4,"TP_sr.fp","sr-nothing",16.20,17.00,0,bottom
TP1,"TP_sr.fp","sr-nothing",27.60,14.90,0,bottom
R2,"2512_sr.fp","sr-r-1m-2512-1w",49.10,27.30,180,top
R1,"2512_sr.fp","sr-r-1m-2512-1w",49.10,31.30,180,top
C2,"NICHICON_CAP_10_10_sr.fp","sr-c-ucw1e471mnl1gs",68.90,17.50,270,top
C1,"0603_sr.fp","sr-c-100n-0603-50v",34.20,13.20,90,top
D1,"DO214AC_sr.fp","sr-d-smaj15ca",21.90,24.70,180,top
TP22,"TP_sr.fp","sr-nothing",19.10,75.50,0,bottom
TP21,"TP_sr.fp","sr-nothing",59.80,70.00,0,bottom
TP28,"TP_sr.fp","sr-nothing",63.10,75.10,0,bottom
TP27,"TP_sr.fp","sr-nothing",59.80,72.00,0,bottom
TP36,"TP_sr.fp","sr-nothing",16.90,80.60,0,bottom
TP34,"TP_sr.fp","sr-nothing",19.10,73.30,0,bottom
TP44,"TP_sr.fp","sr-nothing",53.20,66.20,0,bottom
TP41,"TP_sr.fp","sr-nothing",53.20,64.10,0,bottom
TP46,"TP_sr.fp","sr-nothing",55.10,66.20,0,bottom
TP42,"TP_sr.fp","sr-nothing",51.30,64.10,0,bottom
TP38,"TP_sr.fp","sr-nothing",31.50,58.30,0,bottom
TP29,"TP_sr.fp","sr-nothing",53.50,58.30,0,bottom
TP23,"TP_sr.fp","sr-nothing",31.50,44.30,0,bottom
TP18,"TP_sr.fp","sr-nothing",53.50,44.30,0,bottom
TP48,"TP_sr.fp","sr-nothing",13.30,54.80,0,bottom
TP49,"TP_sr.fp","sr-nothing",13.30,47.30,0,bottom
TP43,"TP_sr.fp","sr-nothing",13.30,72.70,0,bottom
TP47,"TP_sr.fp","sr-nothing",13.30,65.30,0,bottom
TP37,"TP_sr.fp","sr-nothing",71.70,65.30,0,bottom
TP40,"TP_sr.fp","sr-nothing",71.70,72.70,0,bottom
C41,"0402_sr.fp","sr-c-100n-0402-16v",66.40,69.00,90,top
R38,"0805_sr.fp","sr-r-1k-0805",64.70,72.50,270,top
C38,"0402_sr.fp","sr-c-100n-0402-16v",66.40,51.00,90,top
C33,"0402_sr.fp","sr-c-100n-0402-16v",18.60,33.00,270,top
F4,"2920_sr.fp","sr-fuse-r1850-2920",13.70,81.70,90,top
F2,"1206_sr.fp","sr-fuse-r125-1206",21.80,76.70,90,top
R20,"0402_sr.fp","sr-r-150k-0402",38.10,78.90,270,top
D5,"DO214AC_sr.fp","sr-d-smaj5.0a",46.40,91.70,90,top
TP16,"TP_sr.fp","sr-nothing",35.80,88.60,0,bottom
R53,"0402_sr.fp","sr-r-10k-0402",51.50,88.60,270,top
U11,"SOT26_sr.fp","sr-ic-stf202",55.20,86.80,180,top
J14,"header_254_1_6w_sr.fp","sr-cn-header6",73.00,84.39,0,top
RN2,"CAY10J4_sr.fp","sr-ra-4-4k7-0402",54.20,83.80,0,top
RN3,"CAY10J4_sr.fp","sr-ra-4-10k-0402",45.20,62.10,270,top
RN1,"CAY10J4_sr.fp","sr-ra-4-10k-0402",38.80,62.10,270,top
D12,"SOD523_sr.fp","sr-d-pesd5z12",16.85,42.00,270,top
D11,"SOD523_sr.fp","sr-d-pesd5z12",16.80,60.00,270,top
D10,"SOD523_sr.fp","sr-d-pesd5z12",68.20,60.00,270,top
D9,"SOD523_sr.fp","sr-d-pesd5z12",68.20,42.00,270,top
D8,"SOD523_sr.fp","sr-d-pesd5z12",16.80,24.00,270,top
D7,"SOD523_sr.fp","sr-d-pesd5z12",69.20,24.60,180,top
R32,"0402_sr.fp","sr-r-10k-0402",40.60,62.10,270,top
R25,"0402_sr.fp","sr-r-10k-0402",43.40,62.10,270,top
C47,"0402_sr.fp","sr-c-100n-0402-16v",18.60,51.00,270,top
C44,"0402_sr.fp","sr-c-100n-0402-16v",18.60,69.00,270,top
R41,"0805_sr.fp","sr-r-1k-0805",20.20,65.00,90,top
DS1,"0805_split_led_sr.fp","sr-led-redgreen-0805",30.00,26.10,270,top
R64,"0402_sr.fp","sr-r-10k-0402",43.50,86.00,90,top
Q4,"SOT323_sr.fp","sr-fet-n-bsh121",60.18,88.50,0,top
R56,"0402_sr.fp","sr-r-10k-0402",51.50,86.70,270,top
DS8,"0805_split_led_sr.fp","sr-led-redgreen-0805",20.20,51.00,0,top
DS7,"0805_split_led_sr.fp","sr-led-redgreen-0805",20.20,69.00,0,top
DS6,"0805_split_led_sr.fp","sr-led-redgreen-0805",64.70,69.00,0,top
C37,"0402_sr.fp","sr-c-100n-0402-16v",46.70,59.50,270,top
C30,"1206_sr.fp","sr-c-10u-1206-16v",32.00,34.80,180,top
C32,"0402_sr.fp","sr-c-100n-0402-16v",38.30,37.50,90,top
C26,"1206_sr.fp","sr-c-10u-1206-16v",55.80,34.80,0,top
C27,"0402_sr.fp","sr-c-100n-0402-16v",46.70,45.50,270,top
U5,"PowerSSO24_sr.fp","sr-ic-vnd5012",53.50,41.50,0,top
U8,"PowerSSO24_sr.fp","sr-ic-vnd5012",31.50,55.50,180,top
U7,"PowerSSO24_sr.fp","sr-ic-vnd5012",53.50,55.50,0,top
U6,"PowerSSO24_sr.fp","sr-ic-vnd5012",31.50,41.50,180,top
J16,"FCI_10103592_sr.fp","sr-cn-usb-micro-b",53.50,91.99,90,top
J7,"camcon_38_2_sr.fp","sr-cn-minicamcon2w",31.00,91.00,180,top
J6,"camcon_38_2_sr.fp","sr-cn-minicamcon2w",40.00,91.00,180,top
R21,"0805_sr.fp","sr-r-1k-0805",64.70,36.50,270,top
J8,"camcon_75_2_sr.fp","sr-cn-camcon2w",69.00,33.00,90,top
J15,"camcon_38_2_sr.fp","sr-cn-minicamcon2w",67.00,91.00,180,top
J11,"camcon_75_2_sr.fp","sr-cn-camcon2w",69.00,69.00,90,top
R35,"0805_sr.fp","sr-r-1k-0805",64.70,54.50,270,top
J10,"camcon_75_2_sr.fp","sr-cn-camcon2w",69.00,51.00,90,top
DS5,"0805_split_led_sr.fp","sr-led-redgreen-0805",64.70,51.00,0,top
DS3,"0805_split_led_sr.fp","sr-led-redgreen-0805",64.70,33.00,0,top
J9,"camcon_75_2_sr.fp","sr-cn-camcon2w",16.00,33.00,270,top
R28,"0805_sr.fp","sr-r-1k-0805",20.20,29.00,90,top
DS4,"0805_split_led_sr.fp","sr-led-redgreen-0805",20.20,33.00,0,top
R46,"0805_sr.fp","sr-r-1k-0805",20.20,47.00,90,top
J13,"camcon_75_2_sr.fp","sr-cn-camcon2w",16.00,51.00,270,top
J12,"camcon_75_2_sr.fp","sr-cn-camcon2w",16.00,69.00,270,top
J3,"WURTH_7460305_sr.fp","sr-cn-7460305",16.20,17.00,270,top
J2,"WURTH_7460305_sr.fp","sr-cn-7460305",57.60,17.00,180,top
J1,"WURTH_7460305_sr.fp","sr-cn-7460305",27.60,17.00,180,top
Q1,"PQFN56B_sr.fp","sr-fet-n-irfh5301",42.50,13.90,180,top
Q2,"PQFN56B_sr.fp","sr-fet-n-irfh5301",42.50,20.10,180,top
DS2,"0805_led_sr.fp","sr-led-green-0805",32.30,87.70,270,top
R19,"0402_sr.fp","sr-r-200-0402",33.80,88.50,90,top
C21,"0805_sr.fp","sr-c-22u-0805-10v",41.00,88.60,0,top
C20,"0805_sr.fp","sr-c-22u-0805-10v",29.40,88.40,180,top
C24,"0402_sr.fp","sr-c-100n-0402-16v",43.50,84.10,270,top
C25,"0402_sr.fp","sr-c-100n-0402-16v",38.80,85.40,90,top
R18,"0402_sr.fp","sr-r-10-0402",37.30,87.10,0,top
R17,"0402_sr.fp","sr-r-10-0402",37.30,86.10,0,top
U4,"SOT28_sr.fp","sr-ic-ina219",41.20,85.40,90,top
R14,"0805_sr.fp","sr-r-10m-0805",36.10,88.60,0,top
D6,"SOD123_sr.fp","sr-d-mmsz4689t1g",36.90,82.70,270,top
L2,"MPI4040_sr.fp","sr-l-3u3-3000ma",29.20,84.40,90,top
C19,"0402_sr.fp","sr-c-10p-0402-50v",36.20,79.30,90,top
R16,"0402_sr.fp","sr-r-10k-0402",35.20,80.70,90,top
R13,"0402_sr.fp","sr-r-57k6-0402",35.20,78.80,90,top
C16,"0805_sr.fp","sr-c-22u-0805-10v",32.30,83.50,270,top
C14,"1206_sr.fp","sr-c-10u-1206-16v",31.00,75.10,0,top
C23,"0402_sr.fp","sr-c-1u-0402-10v",34.20,78.80,270,top
C17,"0402_sr.fp","sr-c-100n-0402-16v",28.10,80.10,270,top
C22,"0402_sr.fp","sr-c-10n-0402-25v",34.20,80.70,90,top
C18,"0805_sr.fp","sr-c-22u-0805-10v",34.30,83.50,270,top
C15,"0402_sr.fp","sr-c-100n-0402-16v",30.10,76.80,0,top
U3,"SON10_sr.fp","sr-ic-tps54327drc",30.80,79.50,180,top
R15,"0402_sr.fp","sr-r-10k-0402",34.20,76.90,270,top
C13,"1206_sr.fp","sr-c-10u-1206-16v",31.00,72.80,0,top
U1,"SOT28_sr.fp","sr-ic-ina219",42.50,37.98,180,top
C5,"0402_sr.fp","sr-c-100n-0402-16v",45.40,38.80,270,top
C4,"0402_sr.fp","sr-c-100n-0402-16v",44.50,34.80,270,top
R4,"0402_sr.fp","sr-r-10-0402",46.25,34.30,180,top
R3,"0402_sr.fp","sr-r-10-0402",46.25,35.30,180,top
L1,"TYS252012L_sr.fp","sr-l-22u-380ma",32.55,70.10,0,top
C11,"0402_sr.fp","sr-nothing",37.70,65.90,270,top
R12,"0402_sr.fp","sr-r-57k6-0402",35.70,65.90,90,top
R9,"0402_sr.fp","sr-r-180k-0402",36.70,65.90,270,top
C9,"0805_sr.fp","sr-c-22u-0805-10v",35.50,68.60,270,top
C7,"1206_sr.fp","sr-c-10u-1206-16v",30.10,65.70,90,top
C10,"0805_sr.fp","sr-c-22u-0805-10v",37.70,68.60,270,top
C8,"0402_sr.fp","sr-c-100n-0402-16v",32.20,65.10,180,top
D4,"SOD323_sr.fp","sr-d-bzx384c3v3",35.50,72.40,90,top
TP13,"TP_sr.fp","sr-nothing",32.45,65.65,0,bottom
U2,"SON8_sr.fp","sr-ic-tps62125dsg",32.80,67.30,90,top
R58,"0402_sr.fp","sr-r-1000k-0402",61.50,93.00,270,top
C59,"0603_sr.fp","sr-c-100n-0603-50v",60.00,93.00,270,top
C48,"0402_sr.fp","sr-c-100n-0402-16v",40.10,24.10,270,top
U9,"SC70_5_sr.fp","sr-ic-mcp9701at",42.82,24.10,180,top
TP20,"TP_sr.fp","sr-nothing",47.60,66.20,0,bottom
C50,"0402_sr.fp","sr-c-100n-0402-16v",46.80,83.10,0,top
TP54,"TP_sr.fp","sr-nothing",44.80,73.10,0,bottom
TP53,"TP_sr.fp","sr-nothing",40.60,73.10,0,bottom
TP45,"TP_sr.fp","sr-nothing",41.60,63.20,0,bottom
TP39,"TP_sr.fp","sr-nothing",38.10,63.20,0,bottom
TP33,"TP_sr.fp","sr-nothing",47.50,64.30,0,bottom
TP31,"TP_sr.fp","sr-nothing",45.60,64.70,0,bottom
TP26,"TP_sr.fp","sr-nothing",49.50,65.60,0,bottom
R22,"0402_sr.fp","sr-r-10k-0402",71.60,24.80,0,top
C29,"0402_sr.fp","sr-c-100n-0402-16v",74.10,24.40,270,top
R26,"0402_sr.fp","sr-r-3k3-0402",73.10,24.40,270,top
C31,"0402_sr.fp","sr-c-100n-0402-16v",13.10,24.00,90,top
R27,"0402_sr.fp","sr-r-3k3-0402",14.10,24.00,90,top
R23,"0402_sr.fp","sr-r-10k-0402",15.10,24.00,270,top
C35,"0402_sr.fp","sr-c-100n-0402-16v",71.80,60.00,90,top
R34,"0402_sr.fp","sr-r-3k3-0402",70.80,60.00,90,top
R30,"0402_sr.fp","sr-r-10k-0402",69.80,60.00,270,top
C40,"0402_sr.fp","sr-c-100n-0402-16v",13.20,42.00,90,top
R40,"0402_sr.fp","sr-r-3k3-0402",14.20,42.00,90,top
R37,"0402_sr.fp","sr-r-10k-0402",15.20,42.00,270,top
C39,"0402_sr.fp","sr-c-100n-0402-16v",13.20,60.00,90,top
R39,"0402_sr.fp","sr-r-3k3-0402",14.20,60.00,90,top
R36,"0402_sr.fp","sr-r-10k-0402",15.20,60.00,270,top
TP6,"TP_sr.fp","sr-nothing",42.50,37.20,0,bottom
TP5,"TP_sr.fp","sr-nothing",44.40,37.20,0,bottom
F3,"1206_sr.fp","sr-fuse-r125-1206",24.10,76.70,90,top
J5,"header_254_1_2w_sr.fp","sr-nothing",27.10,76.17,270,top
C34,"0402_sr.fp","sr-c-100n-0402-16v",71.80,42.00,90,top
R33,"0402_sr.fp","sr-r-3k3-0402",70.80,42.00,90,top
R29,"0402_sr.fp","sr-r-10k-0402",69.80,42.00,270,top
R31,"0402_sr.fp","sr-r-4k7-0402",58.30,78.60,0,top
R24,"0402_sr.fp","sr-r-4k7-0402",58.30,77.60,0,top
R59,"0402_sr.fp","sr-r-10k-0402",58.30,76.60,0,top
R48,"0402_sr.fp","sr-r-1k-0402",61.20,73.70,180,top
R50,"0402_sr.fp","sr-r-1k-0402",70.50,83.30,180,top
R49,"0402_sr.fp","sr-r-1k-0402",68.50,83.30,180,top
C61,"0402_sr.fp","sr-c-27p-0402-50v",43.40,66.00,90,top
C60,"0402_sr.fp","sr-c-27p-0402-50v",51.20,65.50,270,top
Y1,"ABMM2_sr.fp","sr-xtal-abmm2-8.000mhz-e2-t",47.30,66.70,270,top
C53,"0805_sr.fp","sr-c-22u-0805-10v",42.00,68.60,180,top
U10,"LQFP64_10_sr.fp","sr-ic-stm32f103r6",50.60,75.90,90,top
L3,"0402_sr.fp","sr-fb-200m-1k-0402",54.60,68.70,0,top
C55,"0402_sr.fp","sr-c-1u-0402-10v",52.70,67.70,180,top
C54,"0402_sr.fp","sr-c-100n-0402-16v",52.70,68.70,180,top
C52,"0402_sr.fp","sr-c-100n-0402-16v",43.20,71.20,90,top
C51,"0402_sr.fp","sr-c-100n-0402-16v",57.80,72.70,270,top
C49,"0402_sr.fp","sr-c-100n-0402-16v",57.80,80.10,270,top
R61,"0402_sr.fp","sr-r-1k-0402",42.40,75.40,0,top
R60,"0402_sr.fp","sr-r-1k-0402",42.40,76.40,0,top
C46,"0402_sr.fp","sr-c-10n-0402-25v",53.70,62.80,180,top
R43,"0402_sr.fp","sr-r-10k-0402",53.70,63.80,0,top
R45,"0402_sr.fp","sr-r-560-0402",52.20,63.30,270,top
C45,"0402_sr.fp","sr-c-10n-0402-25v",53.70,66.50,180,top
R42,"0402_sr.fp","sr-r-10k-0402",53.70,65.50,0,top
R44,"0402_sr.fp","sr-r-560-0402",52.20,66.00,90,top
R54,"0402_sr.fp","sr-r-10k-0402",40.30,71.10,180,top
R51,"1206_sr.fp","sr-r-680-1206",40.10,78.70,270,top
R55,"0402_sr.fp","sr-r-4k7-0402",40.30,72.10,180,top
Q5,"SOT323_sr.fp","sr-fet-n-bsh121",39.28,74.00,0,top
R62,"0402_sr.fp","sr-r-10k-0402",61.20,72.70,0,top
C12,"0402_sr.fp","sr-c-100n-0402-16v",35.70,64.00,90,top
R11,"0402_sr.fp","sr-r-64k9-0402",34.70,65.90,90,top
R8,"0402_sr.fp","sr-r-576k-0402",34.70,64.00,90,top
R7,"0402_sr.fp","sr-r-4700k-0402",33.20,63.60,0,top
S2,"SPPH4_sr.fp","sr-sw-spph410200",62.57,83.00,180,top
S1,"SPPH4_sr.fp","sr-sw-spph410100",21.57,83.00,180,top
J4,"camcon_50_2_sr.fp","sr-cn-camcon2w-5mm",19.10,89.00,180,top
R71,"0402_sr.fp","sr-r-100-0402",19.10,78.60,0,top
R70,"0402_sr.fp","sr-r-100-0402",19.10,76.60,180,top
R69,"0402_sr.fp","sr-r-100-0402",19.10,75.60,180,top
R66,"0402_sr.fp","sr-r-100-0402",19.10,77.60,180,top
R6,"0402_sr.fp","sr-r-10k-0402",28.20,67.00,90,top
Q3,"SOT323_sr.fp","sr-fet-n-bsh121",29.60,69.58,90,top
DS9,"0805_split_led_sr.fp","sr-led-redgreen-0805",69.30,88.20,270,top
D17,"SOD523_sr.fp","sr-d-pesd5z12",65.65,88.75,180,top
D14,"SOT23_sr.fp","sr-d-mmbz15val",64.57,77.10,0,top
D15,"SOT23_sr.fp","sr-d-mmbz15val",69.83,85.50,180,top
D13,"SOT23_sr.fp","sr-d-bat754c",69.17,81.10,0,top
R47,"0402_sr.fp","sr-r-10k-0402",60.55,90.60,180,top
R68,"0402_sr.fp","sr-r-100-0402",68.50,78.00,270,top
R67,"0402_sr.fp","sr-r-100-0402",69.50,78.00,270,top
R65,"0402_sr.fp","sr-r-100-0402",70.50,78.00,270,top
R73,"0402_sr.fp","sr-r-100-0402",63.15,88.90,180,top
R72,"0402_sr.fp","sr-r-100-0402",63.15,87.90,180,top
C58,"0402_sr.fp","sr-c-100n-0402-16v",61.20,75.70,0,top
C56,"0402_sr.fp","sr-c-100n-0402-16v",61.20,76.70,0,top
R52,"0402_sr.fp","sr-r-4k7-0402",61.20,77.70,0,top
R57,"0402_sr.fp","sr-r-4k7-0402",61.20,74.70,0,top
R63,"0402_sr.fp","sr-r-100-0402",51.20,67.40,270,top
X2,"fan40_sr.fp","sr-fan-40-10-12v",42.50,48.50,90,top
X1,"PKM13EPYH4000_sr.fp","sr-piezo-pkm13epy-4000-a0",42.50,75.90,270,top
R74,"0402_sr.fp","sr-r-10k-0402",28.20,64.40,90,top
R75,"0402_sr.fp","sr-r-1k-0402",34.20,75.00,90,top
C63,"0402_sr.fp","sr-c-100n-0402-16v",35.20,76.90,270,top
